date,location,TOTAL_CASES,TOTAL_DEATHS,Deathpercantage
3/17/2020 12:00:00 AM,India,142.0,3,2.113
3/19/2020 12:00:00 AM,India,194.0,4,2.062
3/26/2020 12:00:00 AM,India,727.0,20,2.751
3/28/2020 12:00:00 AM,India,987.0,24,2.432
4/2/2020 12:00:00 AM,India,2543.0,72,2.831
4/4/2020 12:00:00 AM,India,3082.0,86,2.79
4/11/2020 12:00:00 AM,India,8446.0,288,3.41
4/13/2020 12:00:00 AM,India,10453.0,358,3.425
4/20/2020 12:00:00 AM,India,18539.0,592,3.193
4/22/2020 12:00:00 AM,India,21370.0,681,3.187
4/27/2020 12:00:00 AM,India,29451.0,939,3.188
4/29/2020 12:00:00 AM,India,33062.0,1079,3.264
5/6/2020 12:00:00 AM,India,52987.0,1785,3.369
5/8/2020 12:00:00 AM,India,59695.0,1985,3.325
5/15/2020 12:00:00 AM,India,85784.0,2753,3.209
5/17/2020 12:00:00 AM,India,95698.0,3025,3.161
5/22/2020 12:00:00 AM,India,124794.0,3726,2.986
5/24/2020 12:00:00 AM,India,138536.0,4024,2.905
5/31/2020 12:00:00 AM,India,190609.0,5408,2.837
6/2/2020 12:00:00 AM,India,207191.0,5829,2.813
6/9/2020 12:00:00 AM,India,276146.0,7750,2.806
6/11/2020 12:00:00 AM,India,297535.0,8498,2.856
6/16/2020 12:00:00 AM,India,354065.0,11903,3.362
6/18/2020 12:00:00 AM,India,380532.0,12573,3.304
6/25/2020 12:00:00 AM,India,490401.0,15301,3.12
6/27/2020 12:00:00 AM,India,528859.0,16095,3.043
7/4/2020 12:00:00 AM,India,673165.0,19268,2.862
7/6/2020 12:00:00 AM,India,719664.0,20159,2.801
7/11/2020 12:00:00 AM,India,849522.0,22673,2.669
7/13/2020 12:00:00 AM,India,906752.0,23727,2.617
7/20/2020 12:00:00 AM,India,1155338.0,28082,2.431
7/22/2020 12:00:00 AM,India,1238798.0,29861,2.41
7/29/2020 12:00:00 AM,India,1581963.0,34955,2.21
7/31/2020 12:00:00 AM,India,1695988.0,36511,2.153
8/5/2020 12:00:00 AM,India,1964536.0,40699,2.072
8/7/2020 12:00:00 AM,India,2088611.0,42518,2.036
8/14/2020 12:00:00 AM,India,2525922.0,49036,1.941
8/16/2020 12:00:00 AM,India,2647663.0,50921,1.923
8/23/2020 12:00:00 AM,India,3106348.0,57542,1.852
8/25/2020 12:00:00 AM,India,3224547.0,59357,1.841
8/30/2020 12:00:00 AM,India,3621245.0,64469,1.78
9/1/2020 12:00:00 AM,India,3769523.0,66333,1.76
9/8/2020 12:00:00 AM,India,4370128.0,73890,1.691
9/10/2020 12:00:00 AM,India,4562414.0,76271,1.672
9/17/2020 12:00:00 AM,India,5214677.0,84372,1.618
9/19/2020 12:00:00 AM,India,5400619.0,86752,1.606
9/24/2020 12:00:00 AM,India,5818570.0,92290,1.586
9/26/2020 12:00:00 AM,India,5992532.0,94503,1.577
9/28/2020 12:00:00 AM,India,6145291.0,96318,1.567
10/3/2020 12:00:00 AM,India,6549373.0,101782,1.554
10/5/2020 12:00:00 AM,India,6685082.0,103569,1.549
10/12/2020 12:00:00 AM,India,7175880.0,109856,1.531
10/14/2020 12:00:00 AM,India,7307097.0,111266,1.523
10/19/2020 12:00:00 AM,India,7597063.0,115197,1.516
10/21/2020 12:00:00 AM,India,7706946.0,116616,1.513
10/23/2020 12:00:00 AM,India,7814682.0,117956,1.509
10/28/2020 12:00:00 AM,India,8040203.0,120527,1.499
10/30/2020 12:00:00 AM,India,8137119.0,121641,1.495
11/6/2020 12:00:00 AM,India,8462080.0,125562,1.484
11/8/2020 12:00:00 AM,India,8553657.0,126611,1.48
11/13/2020 12:00:00 AM,India,8773479.0,129188,1.472
11/15/2020 12:00:00 AM,India,8845127.0,130070,1.471
11/17/2020 12:00:00 AM,India,8912907.0,130993,1.47
11/22/2020 12:00:00 AM,India,9139865.0,133738,1.463
11/24/2020 12:00:00 AM,India,9222216.0,134699,1.461
12/1/2020 12:00:00 AM,India,9499413.0,138122,1.454
12/3/2020 12:00:00 AM,India,9571559.0,139188,1.454
12/10/2020 12:00:00 AM,India,9796744.0,142185,1.451
12/12/2020 12:00:00 AM,India,9857029.0,143019,1.451
12/17/2020 12:00:00 AM,India,9979447.0,144789,1.451
12/19/2020 12:00:00 AM,India,10031223.0,145477,1.45
12/26/2020 12:00:00 AM,India,10187850.0,147622,1.449
12/28/2020 12:00:00 AM,India,10224303.0,148153,1.449
1/4/2021 12:00:00 AM,India,10356844.0,149850,1.447
1/6/2021 12:00:00 AM,India,10395278.0,150336,1.446
1/11/2021 12:00:00 AM,India,10479179.0,151327,1.444
1/13/2021 12:00:00 AM,India,10512093.0,151727,1.443
1/20/2021 12:00:00 AM,India,10610883.0,152869,1.441
1/22/2021 12:00:00 AM,India,10639684.0,153184,1.44
1/29/2021 12:00:00 AM,India,10733130.0,154147,1.436
1/31/2021 12:00:00 AM,India,10757610.0,154392,1.435
2/5/2021 12:00:00 AM,India,10814304.0,154918,1.433
2/7/2021 12:00:00 AM,India,10838194.0,155080,1.431
2/14/2021 12:00:00 AM,India,10916589.0,155732,1.427
2/16/2021 12:00:00 AM,India,10937320.0,155913,1.426
2/23/2021 12:00:00 AM,India,11030176.0,156567,1.419
2/25/2021 12:00:00 AM,India,11063491.0,156825,1.418
3/2/2021 12:00:00 AM,India,11139516.0,157346,1.413
3/4/2021 12:00:00 AM,India,11173761.0,157548,1.41
3/11/2021 12:00:00 AM,India,11308846.0,158306,1.4
3/13/2021 12:00:00 AM,India,11359048.0,158607,1.396
3/20/2021 12:00:00 AM,India,11599130.0,159755,1.377
3/22/2021 12:00:00 AM,India,11686796.0,160166,1.37
3/27/2021 12:00:00 AM,India,11971624.0,161552,1.349
3/29/2021 12:00:00 AM,India,12095855.0,162114,1.34
4/5/2021 12:00:00 AM,India,12686049.0,165547,1.305
4/7/2021 12:00:00 AM,India,12928574.0,166862,1.291
4/14/2021 12:00:00 AM,India,14074564.0,173123,1.23
4/16/2021 12:00:00 AM,India,14526609.0,175649,1.209
4/21/2021 12:00:00 AM,India,15930774.0,184657,1.159
4/23/2021 12:00:00 AM,India,16610481.0,189544,1.141
4/30/2021 12:00:00 AM,India,19164969.0,211853,1.105
5/2/2021 12:00:00 AM,India,19925517.0,218959,1.099
5/9/2021 12:00:00 AM,India,22662575.0,246116,1.086
5/11/2021 12:00:00 AM,India,23340938.0,254197,1.089
5/16/2021 12:00:00 AM,India,24965463.0,274390,1.099
5/18/2021 12:00:00 AM,India,25496330.0,283248,1.111
5/25/2021 12:00:00 AM,India,27157795.0,311388,1.147
5/27/2021 12:00:00 AM,India,27555457.0,318895,1.157
6/3/2021 12:00:00 AM,India,28574350.0,340702,1.192
6/5/2021 12:00:00 AM,India,28809339.0,346759,1.204
6/10/2021 12:00:00 AM,India,29274823.0,363079,1.24
6/12/2021 12:00:00 AM,India,29439989.0,370384,1.258
6/14/2021 12:00:00 AM,India,29570881.0,377031,1.275
6/19/2021 12:00:00 AM,India,29881772.0,386708,1.294
6/21/2021 12:00:00 AM,India,29977861.0,389302,1.299
6/28/2021 12:00:00 AM,India,30316897.0,397637,1.312
6/30/2021 12:00:00 AM,India,30411634.0,399459,1.314
7/5/2021 12:00:00 AM,India,30619932.0,403281,1.317
7/7/2021 12:00:00 AM,India,30709557.0,405028,1.319
7/9/2021 12:00:00 AM,India,30795716.0,407145,1.322
7/14/2021 12:00:00 AM,India,30987880.0,411989,1.33
7/16/2021 12:00:00 AM,India,31064908.0,413091,1.33
7/23/2021 12:00:00 AM,India,31332159.0,420016,1.341
7/25/2021 12:00:00 AM,India,31411262.0,420967,1.34
8/1/2021 12:00:00 AM,India,31695958.0,424773,1.34
8/3/2021 12:00:00 AM,India,31769132.0,425757,1.34
8/8/2021 12:00:00 AM,India,31969954.0,428309,1.34
8/10/2021 12:00:00 AM,India,32036511.0,429179,1.34
8/17/2021 12:00:00 AM,India,32285857.0,432519,1.34
8/19/2021 12:00:00 AM,India,32358829.0,433589,1.34
8/26/2021 12:00:00 AM,India,32603188.0,436861,1.34
8/28/2021 12:00:00 AM,India,32695030.0,437830,1.339
9/2/2021 12:00:00 AM,India,32903289.0,439895,1.337
9/4/2021 12:00:00 AM,India,32988673.0,440533,1.335
9/11/2021 12:00:00 AM,India,33236921.0,442655,1.332
9/13/2021 12:00:00 AM,India,33289579.0,443213,1.331
9/20/2021 12:00:00 AM,India,33504534.0,445385,1.329
9/22/2021 12:00:00 AM,India,33563421.0,446050,1.329
9/27/2021 12:00:00 AM,India,33697581.0,447373,1.328
9/29/2021 12:00:00 AM,India,33739980.0,448062,1.328
10/6/2021 12:00:00 AM,India,33894312.0,449856,1.327
10/8/2021 12:00:00 AM,India,33935309.0,450375,1.327
10/15/2021 12:00:00 AM,India,34053573.0,451980,1.327
10/17/2021 12:00:00 AM,India,34081315.0,452290,1.327
10/22/2021 12:00:00 AM,India,34159562.0,453708,1.328
10/24/2021 12:00:00 AM,India,34189774.0,454712,1.33
10/31/2021 12:00:00 AM,India,34285814.0,458437,1.337
11/2/2021 12:00:00 AM,India,34308140.0,459191,1.338
11/9/2021 12:00:00 AM,India,34388579.0,461849,1.343
11/11/2021 12:00:00 AM,India,34414186.0,462690,1.344
11/16/2021 12:00:00 AM,India,34466598.0,464153,1.347
11/18/2021 12:00:00 AM,India,34489623.0,465082,1.348
11/25/2021 12:00:00 AM,India,34555431.0,467468,1.353
11/27/2021 12:00:00 AM,India,34572523.0,468554,1.355
12/4/2021 12:00:00 AM,India,34624360.0,470530,1.359
12/6/2021 12:00:00 AM,India,34648383.0,473757,1.367
12/11/2021 12:00:00 AM,India,34690510.0,475434,1.371
3/20/2020 12:00:00 AM,India,244.0,5,2.049
3/21/2020 12:00:00 AM,India,330.0,4,1.212
3/22/2020 12:00:00 AM,India,396.0,7,1.768
3/23/2020 12:00:00 AM,India,499.0,10,2.004
3/24/2020 12:00:00 AM,India,536.0,10,1.866
4/6/2020 12:00:00 AM,India,4778.0,136,2.846
4/7/2020 12:00:00 AM,India,5311.0,150,2.824
4/8/2020 12:00:00 AM,India,5916.0,178,3.009
4/9/2020 12:00:00 AM,India,6725.0,226,3.361
4/23/2020 12:00:00 AM,India,23077.0,721,3.124
4/24/2020 12:00:00 AM,India,24530.0,780,3.18
4/25/2020 12:00:00 AM,India,26283.0,825,3.139
4/26/2020 12:00:00 AM,India,27890.0,881,3.159
5/9/2020 12:00:00 AM,India,62808.0,2101,3.345
5/10/2020 12:00:00 AM,India,67161.0,2212,3.294
5/11/2020 12:00:00 AM,India,70768.0,2294,3.242
5/12/2020 12:00:00 AM,India,74292.0,2415,3.251
5/13/2020 12:00:00 AM,India,78055.0,2551,3.268
5/26/2020 12:00:00 AM,India,150793.0,4344,2.881
5/27/2020 12:00:00 AM,India,158086.0,4534,2.868
5/28/2020 12:00:00 AM,India,165386.0,4711,2.848
5/29/2020 12:00:00 AM,India,173491.0,4980,2.87
6/12/2020 12:00:00 AM,India,308993.0,8884,2.875
6/13/2020 12:00:00 AM,India,320922.0,9195,2.865
6/14/2020 12:00:00 AM,India,332424.0,9520,2.864
6/15/2020 12:00:00 AM,India,343091.0,9900,2.886
6/29/2020 12:00:00 AM,India,566840.0,16893,2.98
6/30/2020 12:00:00 AM,India,585481.0,17400,2.972
7/1/2020 12:00:00 AM,India,604641.0,17834,2.95
7/2/2020 12:00:00 AM,India,625544.0,18213,2.912
7/15/2020 12:00:00 AM,India,968857.0,24914,2.571
7/16/2020 12:00:00 AM,India,1003832.0,25602,2.55
7/17/2020 12:00:00 AM,India,1039084.0,26273,2.528
7/18/2020 12:00:00 AM,India,1077781.0,26816,2.488
8/1/2020 12:00:00 AM,India,1750723.0,37364,2.134
8/2/2020 12:00:00 AM,India,1803695.0,38135,2.114
8/3/2020 12:00:00 AM,India,1855745.0,38938,2.098
8/4/2020 12:00:00 AM,India,1908254.0,39795,2.085
8/18/2020 12:00:00 AM,India,2767253.0,52888,1.911
8/19/2020 12:00:00 AM,India,2836925.0,53866,1.899
8/20/2020 12:00:00 AM,India,2905825.0,54849,1.888
8/21/2020 12:00:00 AM,India,2975701.0,55794,1.875
9/3/2020 12:00:00 AM,India,3936747.0,68472,1.739
9/4/2020 12:00:00 AM,India,4023179.0,69561,1.729
9/5/2020 12:00:00 AM,India,4113811.0,70626,1.717
9/6/2020 12:00:00 AM,India,4204613.0,71642,1.704
9/7/2020 12:00:00 AM,India,4280422.0,72775,1.7
9/20/2020 12:00:00 AM,India,5487580.0,87882,1.601
9/21/2020 12:00:00 AM,India,5562663.0,88935,1.599
9/22/2020 12:00:00 AM,India,5646010.0,90020,1.594
9/23/2020 12:00:00 AM,India,5732518.0,91149,1.59
10/7/2020 12:00:00 AM,India,6835655.0,105526,1.544
10/8/2020 12:00:00 AM,India,6906151.0,106490,1.542
10/9/2020 12:00:00 AM,India,6979423.0,107416,1.539
10/10/2020 12:00:00 AM,India,7053806.0,108334,1.536
10/24/2020 12:00:00 AM,India,7864811.0,118534,1.507
10/25/2020 12:00:00 AM,India,7909959.0,119014,1.505
10/26/2020 12:00:00 AM,India,7946429.0,119502,1.504
10/27/2020 12:00:00 AM,India,7990322.0,120010,1.502
11/9/2020 12:00:00 AM,India,8591730.0,127059,1.479
11/10/2020 12:00:00 AM,India,8636011.0,127571,1.477
11/11/2020 12:00:00 AM,India,8683916.0,128121,1.475
11/12/2020 12:00:00 AM,India,8728795.0,128668,1.474
11/26/2020 12:00:00 AM,India,9309787.0,135715,1.458
11/27/2020 12:00:00 AM,India,9351109.0,136200,1.457
11/28/2020 12:00:00 AM,India,9392919.0,136696,1.455
11/29/2020 12:00:00 AM,India,9431691.0,137139,1.454
12/13/2020 12:00:00 AM,India,9884100.0,143355,1.45
12/14/2020 12:00:00 AM,India,9906165.0,143709,1.451
12/15/2020 12:00:00 AM,India,9932547.0,144096,1.451
12/16/2020 12:00:00 AM,India,9956557.0,144451,1.451
12/29/2020 12:00:00 AM,India,10244852.0,148439,1.449
12/30/2020 12:00:00 AM,India,10266674.0,148738,1.449
12/31/2020 12:00:00 AM,India,10286709.0,148994,1.448
1/1/2021 12:00:00 AM,India,10305788.0,149218,1.448
1/2/2021 12:00:00 AM,India,10323965.0,149435,1.447
1/15/2021 12:00:00 AM,India,10542841.0,152093,1.443
1/16/2021 12:00:00 AM,India,10557985.0,152274,1.442
1/17/2021 12:00:00 AM,India,10571773.0,152419,1.442
1/18/2021 12:00:00 AM,India,10581823.0,152556,1.442
2/1/2021 12:00:00 AM,India,10766245.0,154486,1.435
2/2/2021 12:00:00 AM,India,10777284.0,154596,1.434
2/3/2021 12:00:00 AM,India,10790183.0,154703,1.434
2/4/2021 12:00:00 AM,India,10802591.0,154823,1.433
2/18/2021 12:00:00 AM,India,10963394.0,156111,1.424
2/19/2021 12:00:00 AM,India,10977387.0,156212,1.423
2/20/2021 12:00:00 AM,India,10991651.0,156302,1.422
2/21/2021 12:00:00 AM,India,11005850.0,156385,1.421
3/6/2021 12:00:00 AM,India,11210799.0,157756,1.407
3/7/2021 12:00:00 AM,India,11229398.0,157853,1.406
3/8/2021 12:00:00 AM,India,11244786.0,157930,1.404
3/9/2021 12:00:00 AM,India,11262707.0,158063,1.403
3/23/2021 12:00:00 AM,India,11734058.0,160441,1.367
3/24/2021 12:00:00 AM,India,11787534.0,160692,1.363
3/25/2021 12:00:00 AM,India,11846652.0,160949,1.359
3/26/2021 12:00:00 AM,India,11908910.0,161240,1.354
4/9/2021 12:00:00 AM,India,13205926.0,168436,1.275
4/10/2021 12:00:00 AM,India,13358805.0,169275,1.267
4/11/2021 12:00:00 AM,India,13527717.0,170179,1.258
4/12/2021 12:00:00 AM,India,13689453.0,171058,1.25
4/25/2021 12:00:00 AM,India,17313163.0,195123,1.127
4/26/2021 12:00:00 AM,India,17636186.0,197894,1.122
4/27/2021 12:00:00 AM,India,17997113.0,201187,1.118
4/28/2021 12:00:00 AM,India,18376421.0,204832,1.115
4/29/2021 12:00:00 AM,India,18762976.0,208330,1.11
5/12/2021 12:00:00 AM,India,23703665.0,258317,1.09
5/13/2021 12:00:00 AM,India,24046809.0,262317,1.091
5/14/2021 12:00:00 AM,India,24372907.0,266207,1.092
5/15/2021 12:00:00 AM,India,24684077.0,270284,1.095
5/29/2021 12:00:00 AM,India,27894800.0,325972,1.169
5/30/2021 12:00:00 AM,India,28047534.0,329100,1.173
5/31/2021 12:00:00 AM,India,28175044.0,331895,1.178
6/1/2021 12:00:00 AM,India,28307832.0,335102,1.184
6/15/2021 12:00:00 AM,India,29633105.0,379573,1.281
6/16/2021 12:00:00 AM,India,29700313.0,381903,1.286
6/17/2021 12:00:00 AM,India,29762793.0,383490,1.288
6/18/2021 12:00:00 AM,India,29823546.0,385137,1.291
7/1/2021 12:00:00 AM,India,30458251.0,400312,1.314
7/2/2021 12:00:00 AM,India,30502362.0,401050,1.315
7/3/2021 12:00:00 AM,India,30545433.0,402005,1.316
7/4/2021 12:00:00 AM,India,30585229.0,402728,1.317
7/18/2021 12:00:00 AM,India,31144229.0,414108,1.33
7/19/2021 12:00:00 AM,India,31174322.0,414482,1.33
7/20/2021 12:00:00 AM,India,31216337.0,418480,1.341
7/21/2021 12:00:00 AM,India,31257720.0,418987,1.34
8/4/2021 12:00:00 AM,India,31812114.0,426290,1.34
8/5/2021 12:00:00 AM,India,31856757.0,426754,1.34
8/6/2021 12:00:00 AM,India,31895385.0,427371,1.34
8/7/2021 12:00:00 AM,India,31934455.0,427862,1.34
8/20/2021 12:00:00 AM,India,32393286.0,433964,1.34
8/21/2021 12:00:00 AM,India,32424234.0,434367,1.34
8/22/2021 12:00:00 AM,India,32449306.0,434756,1.34
8/23/2021 12:00:00 AM,India,32474773.0,435110,1.34
8/24/2021 12:00:00 AM,India,32512366.0,435758,1.34
9/6/2021 12:00:00 AM,India,33058843.0,441042,1.334
9/7/2021 12:00:00 AM,India,33096718.0,441411,1.334
9/8/2021 12:00:00 AM,India,33139981.0,441749,1.333
9/9/2021 12:00:00 AM,India,33174954.0,442009,1.332
9/23/2021 12:00:00 AM,India,33594803.0,446368,1.329
9/24/2021 12:00:00 AM,India,33624419.0,446658,1.328
9/25/2021 12:00:00 AM,India,33652745.0,446918,1.328
9/26/2021 12:00:00 AM,India,33678786.0,447194,1.328
10/10/2021 12:00:00 AM,India,33971607.0,450782,1.327
10/11/2021 12:00:00 AM,India,33985920.0,450963,1.327
10/12/2021 12:00:00 AM,India,34001743.0,451189,1.327
10/13/2021 12:00:00 AM,India,34020730.0,451435,1.327
10/26/2021 12:00:00 AM,India,34215653.0,455653,1.332
10/27/2021 12:00:00 AM,India,34231809.0,456386,1.333
10/28/2021 12:00:00 AM,India,34246157.0,457191,1.335
10/29/2021 12:00:00 AM,India,34260470.0,457740,1.336
11/12/2021 12:00:00 AM,India,34426036.0,463245,1.346
11/13/2021 12:00:00 AM,India,34437307.0,463530,1.346
11/14/2021 12:00:00 AM,India,34447536.0,463655,1.346
11/15/2021 12:00:00 AM,India,34456401.0,463852,1.346
11/29/2021 12:00:00 AM,India,34587822.0,468980,1.356
11/30/2021 12:00:00 AM,India,34596776.0,469247,1.356
12/1/2021 12:00:00 AM,India,34606541.0,469724,1.357
12/2/2021 12:00:00 AM,India,34615757.0,470115,1.358
3/11/2020 12:00:00 AM,India,62.0,1,1.613
3/16/2020 12:00:00 AM,India,119.0,2,1.681
3/18/2020 12:00:00 AM,India,156.0,3,1.923
3/25/2020 12:00:00 AM,India,657.0,12,1.826
3/27/2020 12:00:00 AM,India,887.0,20,2.255
4/3/2020 12:00:00 AM,India,2567.0,72,2.805
4/5/2020 12:00:00 AM,India,3588.0,99,2.759
4/10/2020 12:00:00 AM,India,7598.0,246,3.238
4/12/2020 12:00:00 AM,India,9205.0,331,3.596
4/19/2020 12:00:00 AM,India,17615.0,559,3.173
4/21/2020 12:00:00 AM,India,20080.0,645,3.212
4/28/2020 12:00:00 AM,India,31324.0,1008,3.218
4/30/2020 12:00:00 AM,India,34863.0,1154,3.31
5/5/2020 12:00:00 AM,India,49400.0,1693,3.427
5/7/2020 12:00:00 AM,India,56351.0,1889,3.352
5/14/2020 12:00:00 AM,India,81997.0,2649,3.231
5/16/2020 12:00:00 AM,India,90648.0,2871,3.167
5/23/2020 12:00:00 AM,India,131423.0,3868,2.943
5/25/2020 12:00:00 AM,India,144950.0,4172,2.878
5/30/2020 12:00:00 AM,India,181827.0,5185,2.852
6/1/2020 12:00:00 AM,India,198370.0,5608,2.827
6/3/2020 12:00:00 AM,India,216824.0,6088,2.808
6/8/2020 12:00:00 AM,India,265928.0,7473,2.81
6/10/2020 12:00:00 AM,India,286605.0,8102,2.827
6/17/2020 12:00:00 AM,India,366946.0,12237,3.335
6/19/2020 12:00:00 AM,India,395048.0,12948,3.278
6/24/2020 12:00:00 AM,India,473105.0,14894,3.148
6/26/2020 12:00:00 AM,India,508953.0,15685,3.082
6/28/2020 12:00:00 AM,India,548318.0,16475,3.005
7/3/2020 12:00:00 AM,India,648315.0,18655,2.877
7/5/2020 12:00:00 AM,India,697413.0,19693,2.824
7/12/2020 12:00:00 AM,India,878254.0,23174,2.639
7/14/2020 12:00:00 AM,India,936181.0,24309,2.597
7/19/2020 12:00:00 AM,India,1118206.0,27497,2.459
7/21/2020 12:00:00 AM,India,1193078.0,28732,2.408
7/23/2020 12:00:00 AM,India,1288108.0,30601,2.376
7/28/2020 12:00:00 AM,India,1531669.0,34193,2.232
7/30/2020 12:00:00 AM,India,1634746.0,35718,2.185
8/6/2020 12:00:00 AM,India,2027074.0,41585,2.051
8/8/2020 12:00:00 AM,India,2153010.0,43379,2.015
8/15/2020 12:00:00 AM,India,2589952.0,49980,1.93
8/17/2020 12:00:00 AM,India,2702681.0,51797,1.917
8/22/2020 12:00:00 AM,India,3044940.0,56706,1.862
8/24/2020 12:00:00 AM,India,3167323.0,58390,1.844
8/31/2020 12:00:00 AM,India,3691166.0,65288,1.769
9/2/2020 12:00:00 AM,India,3853406.0,67376,1.748
9/9/2020 12:00:00 AM,India,4465863.0,75062,1.681
9/11/2020 12:00:00 AM,India,4659984.0,77472,1.662
9/16/2020 12:00:00 AM,India,5118253.0,83198,1.626
9/18/2020 12:00:00 AM,India,5308014.0,85619,1.613
9/25/2020 12:00:00 AM,India,5903932.0,93379,1.582
9/27/2020 12:00:00 AM,India,6074702.0,95542,1.573
10/4/2020 12:00:00 AM,India,6623815.0,102685,1.55
10/6/2020 12:00:00 AM,India,6757131.0,104555,1.547
10/11/2020 12:00:00 AM,India,7120538.0,109150,1.533
10/13/2020 12:00:00 AM,India,7239389.0,110586,1.528
10/20/2020 12:00:00 AM,India,7651107.0,115914,1.515
10/22/2020 12:00:00 AM,India,7761312.0,117306,1.511
10/29/2020 12:00:00 AM,India,8088851.0,121090,1.497
10/31/2020 12:00:00 AM,India,8184082.0,122111,1.492
11/5/2020 12:00:00 AM,India,8411724.0,124985,1.486
11/7/2020 12:00:00 AM,India,8507754.0,126121,1.482
11/14/2020 12:00:00 AM,India,8814579.0,129635,1.471
11/16/2020 12:00:00 AM,India,8874290.0,130519,1.471
11/23/2020 12:00:00 AM,India,9177840.0,134218,1.462
11/25/2020 12:00:00 AM,India,9266705.0,135223,1.459
11/30/2020 12:00:00 AM,India,9462809.0,137621,1.454
12/2/2020 12:00:00 AM,India,9534964.0,138648,1.454
12/9/2020 12:00:00 AM,India,9767371.0,141772,1.451
12/11/2020 12:00:00 AM,India,9826775.0,142628,1.451
12/18/2020 12:00:00 AM,India,10004599.0,145136,1.451
12/20/2020 12:00:00 AM,India,10055560.0,145810,1.45
12/25/2020 12:00:00 AM,India,10169118.0,147343,1.449
12/27/2020 12:00:00 AM,India,10207871.0,147901,1.449
1/3/2021 12:00:00 AM,India,10340469.0,149649,1.447
1/5/2021 12:00:00 AM,India,10374932.0,150114,1.447
1/12/2021 12:00:00 AM,India,10495147.0,151529,1.444
1/14/2021 12:00:00 AM,India,10527683.0,151918,1.443
1/19/2021 12:00:00 AM,India,10595639.0,152718,1.441
1/21/2021 12:00:00 AM,India,10625428.0,153032,1.44
1/23/2021 12:00:00 AM,India,10654533.0,153339,1.439
1/28/2021 12:00:00 AM,India,10720048.0,154010,1.437
1/30/2021 12:00:00 AM,India,10746174.0,154274,1.436
2/6/2021 12:00:00 AM,India,10826363.0,154996,1.432
2/8/2021 12:00:00 AM,India,10847304.0,155158,1.43
2/13/2021 12:00:00 AM,India,10904940.0,155642,1.427
2/15/2021 12:00:00 AM,India,10925710.0,155813,1.426
2/17/2021 12:00:00 AM,India,10950201.0,156014,1.425
2/22/2021 12:00:00 AM,India,11016434.0,156463,1.42
2/24/2021 12:00:00 AM,India,11046914.0,156705,1.419
3/3/2021 12:00:00 AM,India,11156923.0,157435,1.411
3/5/2021 12:00:00 AM,India,11192045.0,157656,1.409
3/10/2021 12:00:00 AM,India,11285561.0,158189,1.402
3/12/2021 12:00:00 AM,India,11333728.0,158446,1.398
3/14/2021 12:00:00 AM,India,11385339.0,158725,1.394
3/19/2021 12:00:00 AM,India,11555284.0,159558,1.381
3/21/2021 12:00:00 AM,India,11646081.0,159967,1.374
3/28/2021 12:00:00 AM,India,12039644.0,161843,1.344
3/30/2021 12:00:00 AM,India,12149335.0,162468,1.337
4/6/2021 12:00:00 AM,India,12801785.0,166177,1.298
4/8/2021 12:00:00 AM,India,13060542.0,167642,1.284
4/13/2021 12:00:00 AM,India,13873825.0,172085,1.24
4/15/2021 12:00:00 AM,India,14291917.0,174308,1.22
4/22/2021 12:00:00 AM,India,16263695.0,186920,1.149
4/24/2021 12:00:00 AM,India,16960172.0,192311,1.134
5/1/2021 12:00:00 AM,India,19557457.0,215542,1.102
5/3/2021 12:00:00 AM,India,20282833.0,222408,1.097
5/8/2021 12:00:00 AM,India,22296081.0,242347,1.087
5/10/2021 12:00:00 AM,India,22992517.0,249992,1.087
5/17/2021 12:00:00 AM,India,25228996.0,278719,1.105
5/19/2021 12:00:00 AM,India,25772440.0,287122,1.114
5/26/2021 12:00:00 AM,India,27369093.0,315235,1.152
5/28/2021 12:00:00 AM,India,27729247.0,322512,1.163
6/2/2021 12:00:00 AM,India,28441986.0,337989,1.188
6/4/2021 12:00:00 AM,India,28694879.0,344082,1.199
6/11/2021 12:00:00 AM,India,29359155.0,367081,1.25
6/13/2021 12:00:00 AM,India,29510410.0,374305,1.268
6/20/2021 12:00:00 AM,India,29935221.0,388135,1.297
6/22/2021 12:00:00 AM,India,30028709.0,390660,1.301
6/27/2021 12:00:00 AM,India,30279331.0,396730,1.31
6/29/2021 12:00:00 AM,India,30362848.0,398454,1.312
7/6/2021 12:00:00 AM,India,30663665.0,404211,1.318
7/8/2021 12:00:00 AM,India,30752950.0,405939,1.32
7/15/2021 12:00:00 AM,India,31026829.0,412531,1.33
7/17/2021 12:00:00 AM,India,31106065.0,413609,1.33
7/22/2021 12:00:00 AM,India,31293062.0,419470,1.34
7/24/2021 12:00:00 AM,India,31371901.0,420551,1.341
7/31/2021 12:00:00 AM,India,31655824.0,424351,1.341
8/2/2021 12:00:00 AM,India,31726507.0,425195,1.34
8/9/2021 12:00:00 AM,India,31998158.0,428682,1.34
8/11/2021 12:00:00 AM,India,32077706.0,429669,1.339
8/16/2021 12:00:00 AM,India,32250679.0,432079,1.34
8/18/2021 12:00:00 AM,India,32322258.0,433049,1.34
8/25/2021 12:00:00 AM,India,32558530.0,436365,1.34
8/27/2021 12:00:00 AM,India,32649947.0,437370,1.34
9/3/2021 12:00:00 AM,India,32945907.0,440225,1.336
9/5/2021 12:00:00 AM,India,33027621.0,440752,1.334
9/10/2021 12:00:00 AM,India,33208330.0,442317,1.332
9/12/2021 12:00:00 AM,India,33264175.0,442874,1.331
9/19/2021 12:00:00 AM,India,33478419.0,445133,1.33
9/21/2021 12:00:00 AM,India,33531498.0,445768,1.329
9/28/2021 12:00:00 AM,India,33716451.0,447751,1.328
9/30/2021 12:00:00 AM,India,33766707.0,448339,1.328
10/5/2021 12:00:00 AM,India,33871881.0,449538,1.327
10/7/2021 12:00:00 AM,India,33915569.0,450127,1.327
10/9/2021 12:00:00 AM,India,33953475.0,450589,1.327
10/14/2021 12:00:00 AM,India,34037592.0,451814,1.327
10/16/2021 12:00:00 AM,India,34067719.0,452124,1.327
10/23/2021 12:00:00 AM,India,34175468.0,454269,1.329
10/25/2021 12:00:00 AM,India,34202202.0,455068,1.331
10/30/2021 12:00:00 AM,India,34273300.0,458186,1.337
11/1/2021 12:00:00 AM,India,34296237.0,458880,1.338
11/3/2021 12:00:00 AM,India,34321025.0,459652,1.339
11/8/2021 12:00:00 AM,India,34377113.0,461389,1.342
11/10/2021 12:00:00 AM,India,34401670.0,462189,1.344
11/17/2021 12:00:00 AM,India,34478517.0,464623,1.348
11/19/2021 12:00:00 AM,India,34499925.0,465349,1.349
11/26/2021 12:00:00 AM,India,34563749.0,467933,1.354
3/12/2020 12:00:00 AM,India,73.0,1,1.37
3/13/2020 12:00:00 AM,India,82.0,2,2.439
3/14/2020 12:00:00 AM,India,102.0,2,1.961
3/15/2020 12:00:00 AM,India,113.0,2,1.77
3/29/2020 12:00:00 AM,India,1024.0,27,2.637
3/30/2020 12:00:00 AM,India,1251.0,32,2.558
3/31/2020 12:00:00 AM,India,1397.0,35,2.505
4/1/2020 12:00:00 AM,India,1998.0,58,2.903
4/14/2020 12:00:00 AM,India,11487.0,393,3.421
4/15/2020 12:00:00 AM,India,12322.0,405,3.287
4/16/2020 12:00:00 AM,India,13430.0,448,3.336
4/17/2020 12:00:00 AM,India,14352.0,486,3.386
4/18/2020 12:00:00 AM,India,15722.0,521,3.314
5/1/2020 12:00:00 AM,India,37257.0,1223,3.283
5/2/2020 12:00:00 AM,India,39699.0,1323,3.333
5/3/2020 12:00:00 AM,India,42505.0,1391,3.273
5/4/2020 12:00:00 AM,India,46437.0,1566,3.372
5/18/2020 12:00:00 AM,India,100328.0,3156,3.146
5/19/2020 12:00:00 AM,India,106475.0,3302,3.101
5/20/2020 12:00:00 AM,India,112028.0,3434,3.065
5/21/2020 12:00:00 AM,India,118226.0,3584,3.031
6/4/2020 12:00:00 AM,India,226713.0,6363,2.807
6/5/2020 12:00:00 AM,India,236184.0,6649,2.815
6/6/2020 12:00:00 AM,India,246622.0,6946,2.816
6/7/2020 12:00:00 AM,India,257486.0,7207,2.799
6/20/2020 12:00:00 AM,India,410451.0,13254,3.229
6/21/2020 12:00:00 AM,India,425282.0,13699,3.221
6/22/2020 12:00:00 AM,India,440215.0,14011,3.183
6/23/2020 12:00:00 AM,India,456183.0,14476,3.173
7/7/2020 12:00:00 AM,India,742417.0,20642,2.78
7/8/2020 12:00:00 AM,India,767296.0,21129,2.754
7/9/2020 12:00:00 AM,India,793802.0,21604,2.722
7/10/2020 12:00:00 AM,India,820916.0,22123,2.695
7/24/2020 12:00:00 AM,India,1337024.0,31358,2.345
7/25/2020 12:00:00 AM,India,1385635.0,32060,2.314
7/26/2020 12:00:00 AM,India,1435616.0,32771,2.283
7/27/2020 12:00:00 AM,India,1480073.0,33408,2.257
8/9/2020 12:00:00 AM,India,2215074.0,44386,2.004
8/10/2020 12:00:00 AM,India,2268675.0,45257,1.995
8/11/2020 12:00:00 AM,India,2329638.0,46091,1.978
8/12/2020 12:00:00 AM,India,2396637.0,47033,1.962
8/13/2020 12:00:00 AM,India,2461190.0,48040,1.952
8/26/2020 12:00:00 AM,India,3310234.0,60472,1.827
8/27/2020 12:00:00 AM,India,3387500.0,61529,1.816
8/28/2020 12:00:00 AM,India,3463972.0,62550,1.806
8/29/2020 12:00:00 AM,India,3542733.0,63498,1.792
9/12/2020 12:00:00 AM,India,4754356.0,78586,1.653
9/13/2020 12:00:00 AM,India,4846427.0,79722,1.645
9/14/2020 12:00:00 AM,India,4930236.0,80776,1.638
9/15/2020 12:00:00 AM,India,5020359.0,82066,1.635
9/29/2020 12:00:00 AM,India,6225763.0,97497,1.566
9/30/2020 12:00:00 AM,India,6312584.0,98678,1.563
10/1/2020 12:00:00 AM,India,6394068.0,99773,1.56
10/2/2020 12:00:00 AM,India,6473544.0,100842,1.558
10/15/2020 12:00:00 AM,India,7370468.0,112161,1.522
10/16/2020 12:00:00 AM,India,7432680.0,112998,1.52
10/17/2020 12:00:00 AM,India,7494551.0,114031,1.522
10/18/2020 12:00:00 AM,India,7550273.0,114610,1.518
11/1/2020 12:00:00 AM,India,8229313.0,122607,1.49
11/2/2020 12:00:00 AM,India,8267623.0,123097,1.489
11/3/2020 12:00:00 AM,India,8313876.0,123611,1.487
11/4/2020 12:00:00 AM,India,8364086.0,124315,1.486
11/18/2020 12:00:00 AM,India,8958483.0,131578,1.469
11/19/2020 12:00:00 AM,India,9004365.0,132162,1.468
11/20/2020 12:00:00 AM,India,9050597.0,132726,1.466
11/21/2020 12:00:00 AM,India,9095806.0,133227,1.465
12/4/2020 12:00:00 AM,India,9608211.0,139700,1.454
12/5/2020 12:00:00 AM,India,9644222.0,140182,1.454
12/6/2020 12:00:00 AM,India,9677203.0,140573,1.453
12/7/2020 12:00:00 AM,India,9703770.0,140958,1.453
12/8/2020 12:00:00 AM,India,9735850.0,141360,1.452
12/21/2020 12:00:00 AM,India,10075116.0,146111,1.45
12/22/2020 12:00:00 AM,India,10099066.0,146444,1.45
12/23/2020 12:00:00 AM,India,10123778.0,146756,1.45
12/24/2020 12:00:00 AM,India,10146845.0,147092,1.45
1/7/2021 12:00:00 AM,India,10413417.0,150570,1.446
1/8/2021 12:00:00 AM,India,10413417.0,150570,1.446
1/9/2021 12:00:00 AM,India,10450284.0,150999,1.445
1/10/2021 12:00:00 AM,India,10466595.0,151160,1.444
1/24/2021 12:00:00 AM,India,10667736.0,153470,1.439
1/25/2021 12:00:00 AM,India,10676838.0,153587,1.439
1/26/2021 12:00:00 AM,India,10689527.0,153724,1.438
1/27/2021 12:00:00 AM,India,10701193.0,153847,1.438
2/9/2021 12:00:00 AM,India,10858371.0,155252,1.43
2/10/2021 12:00:00 AM,India,10871294.0,155360,1.429
2/11/2021 12:00:00 AM,India,10880603.0,155447,1.429
2/12/2021 12:00:00 AM,India,10892746.0,155550,1.428
2/26/2021 12:00:00 AM,India,11079979.0,156938,1.416
2/27/2021 12:00:00 AM,India,11096731.0,157051,1.415
2/28/2021 12:00:00 AM,India,11112241.0,157157,1.414
3/1/2021 12:00:00 AM,India,11124527.0,157248,1.414
3/15/2021 12:00:00 AM,India,11409831.0,158856,1.392
3/16/2021 12:00:00 AM,India,11438734.0,159044,1.39
3/17/2021 12:00:00 AM,India,11474605.0,159216,1.388
3/18/2021 12:00:00 AM,India,11514331.0,159370,1.384
3/31/2021 12:00:00 AM,India,12221665.0,162927,1.333
4/1/2021 12:00:00 AM,India,12303131.0,163396,1.328
4/2/2021 12:00:00 AM,India,12392260.0,164110,1.324
4/3/2021 12:00:00 AM,India,12485509.0,164623,1.319
4/4/2021 12:00:00 AM,India,12589067.0,165101,1.311
4/17/2021 12:00:00 AM,India,14788003.0,177150,1.198
4/18/2021 12:00:00 AM,India,15061805.0,178769,1.187
4/19/2021 12:00:00 AM,India,15320972.0,180530,1.178
4/20/2021 12:00:00 AM,India,15616130.0,182553,1.169
5/4/2021 12:00:00 AM,India,20664979.0,226188,1.095
5/5/2021 12:00:00 AM,India,21077410.0,230168,1.092
5/6/2021 12:00:00 AM,India,21491598.0,234083,1.089
5/7/2021 12:00:00 AM,India,21892676.0,238270,1.088
5/20/2021 12:00:00 AM,India,26031991.0,291331,1.119
5/21/2021 12:00:00 AM,India,26289290.0,295525,1.124
5/22/2021 12:00:00 AM,India,26530132.0,299266,1.128
5/23/2021 12:00:00 AM,India,26752447.0,303720,1.135
5/24/2021 12:00:00 AM,India,26948874.0,307231,1.14
6/6/2021 12:00:00 AM,India,28909975.0,349186,1.208
6/7/2021 12:00:00 AM,India,28996473.0,351309,1.212
6/8/2021 12:00:00 AM,India,29089069.0,353528,1.215
6/9/2021 12:00:00 AM,India,29182532.0,355705,1.219
6/23/2021 12:00:00 AM,India,30082778.0,391981,1.303
6/24/2021 12:00:00 AM,India,30134445.0,393310,1.305
6/25/2021 12:00:00 AM,India,30183143.0,394493,1.307
6/26/2021 12:00:00 AM,India,30233183.0,395751,1.309
7/10/2021 12:00:00 AM,India,30837222.0,408040,1.323
7/11/2021 12:00:00 AM,India,30874376.0,408764,1.324
7/12/2021 12:00:00 AM,India,30907282.0,410784,1.329
7/13/2021 12:00:00 AM,India,30946147.0,411406,1.329
7/26/2021 12:00:00 AM,India,31440951.0,421382,1.34
7/27/2021 12:00:00 AM,India,31484605.0,422022,1.34
7/28/2021 12:00:00 AM,India,31528114.0,422662,1.341
7/29/2021 12:00:00 AM,India,31572344.0,423217,1.34
7/30/2021 12:00:00 AM,India,31613993.0,423810,1.341
8/12/2021 12:00:00 AM,India,32117826.0,430254,1.34
8/13/2021 12:00:00 AM,India,32156493.0,430732,1.339
8/14/2021 12:00:00 AM,India,32192576.0,431225,1.34
8/15/2021 12:00:00 AM,India,32225513.0,431642,1.339
8/29/2021 12:00:00 AM,India,32737939.0,438210,1.339
8/30/2021 12:00:00 AM,India,32768880.0,438560,1.338
8/31/2021 12:00:00 AM,India,32810845.0,439020,1.338
9/1/2021 12:00:00 AM,India,32857937.0,439529,1.338
9/14/2021 12:00:00 AM,India,33316755.0,443497,1.331
9/15/2021 12:00:00 AM,India,33347325.0,443928,1.331
9/16/2021 12:00:00 AM,India,33381728.0,444248,1.331
9/17/2021 12:00:00 AM,India,33417390.0,444529,1.33
9/18/2021 12:00:00 AM,India,33448163.0,444838,1.33
10/1/2021 12:00:00 AM,India,33791061.0,448573,1.327
10/2/2021 12:00:00 AM,India,33813903.0,448817,1.327
10/3/2021 12:00:00 AM,India,33834702.0,448997,1.327
10/4/2021 12:00:00 AM,India,33853048.0,449260,1.327
10/18/2021 12:00:00 AM,India,34094373.0,452454,1.327
10/19/2021 12:00:00 AM,India,34108996.0,452651,1.327
10/20/2021 12:00:00 AM,India,34127450.0,452811,1.327
10/21/2021 12:00:00 AM,India,34143236.0,453042,1.327
11/4/2021 12:00:00 AM,India,34333754.0,459873,1.339
11/5/2021 12:00:00 AM,India,34344683.0,460265,1.34
11/6/2021 12:00:00 AM,India,34355509.0,460791,1.341
11/7/2021 12:00:00 AM,India,34366987.0,461057,1.342
11/20/2021 12:00:00 AM,India,34510413.0,465662,1.349
11/21/2021 12:00:00 AM,India,34518901.0,465911,1.35
11/22/2021 12:00:00 AM,India,34526480.0,466147,1.35
11/28/2021 12:00:00 AM,India,34580832.0,468790,1.356
12/3/2021 12:00:00 AM,India,34624360.0,470530,1.359
12/5/2021 12:00:00 AM,India,34641561.0,473537,1.367
12/12/2021 12:00:00 AM,India,34697860.0,475636,1.371
12/14/2021 12:00:00 AM,India,34710628.0,476135,1.372
12/21/2021 12:00:00 AM,India,34758481.0,478325,1.376
12/23/2021 12:00:00 AM,India,34772626.0,479133,1.378
12/28/2021 12:00:00 AM,India,34808886.0,480592,1.381
12/30/2021 12:00:00 AM,India,34838804.0,481080,1.381
1/6/2022 12:00:00 AM,India,35226386.0,483178,1.372
1/8/2022 12:00:00 AM,India,35528004.0,483790,1.362
1/15/2022 12:00:00 AM,India,37122164.0,486066,1.309
1/17/2022 12:00:00 AM,India,37618271.0,486761,1.294
1/22/2022 12:00:00 AM,India,39237264.0,489409,1.247
1/24/2022 12:00:00 AM,India,39799202.0,490462,1.232
1/31/2022 12:00:00 AM,India,41469499.0,496242,1.197
2/2/2022 12:00:00 AM,India,41803318.0,498983,1.194
2/9/2022 12:00:00 AM,India,42478060.0,506520,1.192
2/11/2022 12:00:00 AM,India,42586544.0,507981,1.193
2/16/2022 12:00:00 AM,India,42754315.0,510413,1.194
2/18/2022 12:00:00 AM,India,42802505.0,511230,1.194
2/25/2022 12:00:00 AM,India,42905844.0,513481,1.197
2/27/2022 12:00:00 AM,India,42924130.0,513843,1.197
3/6/2022 12:00:00 AM,India,42967315.0,515102,1.199
3/8/2022 12:00:00 AM,India,42975883.0,515355,1.199
3/13/2022 12:00:00 AM,India,42993494.0,515877,1.2
3/15/2022 12:00:00 AM,India,42998938.0,516072,1.2
3/22/2022 12:00:00 AM,India,43012749.0,516605,1.201
3/24/2022 12:00:00 AM,India,43016372.0,516755,1.201
3/31/2022 12:00:00 AM,India,43025775.0,521181,1.211
4/2/2022 12:00:00 AM,India,43028131.0,521345,1.212
4/7/2022 12:00:00 AM,India,43033067.0,521573,1.212
4/9/2022 12:00:00 AM,India,43035271.0,521685,1.212
4/16/2022 12:00:00 AM,India,43042097.0,521751,1.212
4/18/2022 12:00:00 AM,India,43045527.0,521966,1.213
4/25/2022 12:00:00 AM,India,43060097.0,522223,1.213
4/27/2022 12:00:00 AM,India,43068799.0,523693,1.216
5/2/2022 12:00:00 AM,India,43084913.0,523889,1.216
5/4/2022 12:00:00 AM,India,43091393.0,523975,1.216
5/11/2022 12:00:00 AM,India,43113413.0,524181,1.216
5/13/2022 12:00:00 AM,India,43119112.0,524201,1.216
5/20/2022 12:00:00 AM,India,43134145.0,524348,1.216
5/22/2022 12:00:00 AM,India,43138393.0,524459,1.216
5/27/2022 12:00:00 AM,India,43150215.0,524572,1.216
5/29/2022 12:00:00 AM,India,43155749.0,524611,1.216
5/31/2022 12:00:00 AM,India,43160832.0,524636,1.216
6/5/2022 12:00:00 AM,India,43181335.0,524701,1.215
6/7/2022 12:00:00 AM,India,43190282.0,524715,1.215
6/14/2022 12:00:00 AM,India,43245517.0,524792,1.214
6/16/2022 12:00:00 AM,India,43270577.0,524817,1.213
6/21/2022 12:00:00 AM,India,43331645.0,524903,1.211
6/23/2022 12:00:00 AM,India,43362294.0,524954,1.211
6/25/2022 12:00:00 AM,India,43389973.0,524999,1.21
6/30/2022 12:00:00 AM,India,43469234.0,525139,1.208
7/2/2022 12:00:00 AM,India,43502429.0,525199,1.207
7/9/2022 12:00:00 AM,India,43622651.0,525428,1.204
7/11/2022 12:00:00 AM,India,43652944.0,525474,1.204
7/16/2022 12:00:00 AM,India,43750599.0,525709,1.202
7/18/2022 12:00:00 AM,India,43783062.0,525785,1.201
7/20/2022 12:00:00 AM,India,43824728.0,525866,1.2
7/25/2022 12:00:00 AM,India,43920451.0,526110,1.198
7/27/2022 12:00:00 AM,India,43959321.0,526212,1.197
8/3/2022 12:00:00 AM,India,44087037.0,526530,1.194
8/5/2022 12:00:00 AM,India,44126994.0,526649,1.193
8/12/2022 12:00:00 AM,India,44239372.0,526996,1.191
8/14/2022 12:00:00 AM,India,44268381.0,527069,1.191
8/19/2022 12:00:00 AM,India,44327890.0,527289,1.19
8/21/2022 12:00:00 AM,India,44348960.0,527368,1.189
8/28/2022 12:00:00 AM,India,44415723.0,527799,1.188
8/30/2022 12:00:00 AM,India,44415723.0,527799,1.188
9/6/2022 12:00:00 AM,India,44469661.0,528057,1.187
9/8/2022 12:00:00 AM,India,44484729.0,528121,1.187
9/13/2022 12:00:00 AM,India,44510057.0,528216,1.187
9/15/2022 12:00:00 AM,India,44522777.0,528273,1.187
9/22/2022 12:00:00 AM,India,44558425.0,528449,1.186
9/24/2022 12:00:00 AM,India,44568114.0,528510,1.186
10/1/2022 12:00:00 AM,India,44594487.0,528673,1.186
10/3/2022 12:00:00 AM,India,44599466.0,528716,1.185
10/8/2022 12:00:00 AM,India,44612013.0,528799,1.185
10/10/2022 12:00:00 AM,India,44616394.0,528822,1.185
10/17/2022 12:00:00 AM,India,44632430.0,528913,1.185
10/19/2022 12:00:00 AM,India,44636517.0,528943,1.185
10/26/2022 12:00:00 AM,India,44646880.0,528987,1.185
10/28/2022 12:00:00 AM,India,44650662.0,529008,1.185
11/2/2022 12:00:00 AM,India,44655926.0,530461,1.188
11/4/2022 12:00:00 AM,India,44659447.0,530486,1.188
11/11/2022 12:00:00 AM,India,44665643.0,530528,1.188
11/13/2022 12:00:00 AM,India,44666924.0,530532,1.188
11/20/2022 12:00:00 AM,India,44670646.0,530586,1.188
11/22/2022 12:00:00 AM,India,44671300.0,530596,1.188
11/27/2022 12:00:00 AM,India,44673078.0,530614,1.188
11/29/2022 12:00:00 AM,India,44673567.0,530620,1.188
12/6/2022 12:00:00 AM,India,44675172.0,530638,1.188
12/8/2022 12:00:00 AM,India,44675662.0,530653,1.188
12/15/2022 12:00:00 AM,India,44676832.0,530663,1.188
12/17/2022 12:00:00 AM,India,44677175.0,530672,1.188
12/22/2022 12:00:00 AM,India,44677902.0,530690,1.188
12/24/2022 12:00:00 AM,India,44678330.0,530693,1.188
12/31/2022 12:00:00 AM,India,44679873.0,530705,1.188
1/2/2023 12:00:00 AM,India,44680180.0,530707,1.188
1/9/2023 12:00:00 AM,India,44681439.0,530722,1.188
1/11/2023 12:00:00 AM,India,44681807.0,530723,1.188
1/16/2023 12:00:00 AM,India,44682467.0,530726,1.188
1/18/2023 12:00:00 AM,India,44682729.0,530728,1.188
1/20/2023 12:00:00 AM,India,44683005.0,530730,1.188
1/25/2023 12:00:00 AM,India,44683562.0,530738,1.188
1/27/2023 12:00:00 AM,India,44682437.0,530739,1.188
11/23/2021 12:00:00 AM,India,34535763.0,466584,1.351
11/24/2021 12:00:00 AM,India,34544882.0,466980,1.352
12/7/2021 12:00:00 AM,India,34656822.0,473952,1.368
12/8/2021 12:00:00 AM,India,34666241.0,474111,1.368
12/9/2021 12:00:00 AM,India,34674643.0,474479,1.368
12/10/2021 12:00:00 AM,India,34682633.0,474872,1.369
12/24/2021 12:00:00 AM,India,34779815.0,479520,1.379
12/25/2021 12:00:00 AM,India,34786802.0,479682,1.379
12/26/2021 12:00:00 AM,India,34793333.0,479997,1.38
12/27/2021 12:00:00 AM,India,34799691.0,480290,1.38
1/9/2022 12:00:00 AM,India,35707727.0,483936,1.355
1/10/2022 12:00:00 AM,India,35875790.0,484213,1.35
1/11/2022 12:00:00 AM,India,36070510.0,484655,1.344
1/12/2022 12:00:00 AM,India,36317927.0,485035,1.336
1/13/2022 12:00:00 AM,India,36582129.0,485446,1.327
1/26/2022 12:00:00 AM,India,40371500.0,491700,1.218
1/27/2022 12:00:00 AM,India,40622709.0,492327,1.212
1/28/2022 12:00:00 AM,India,40858241.0,493198,1.207
1/29/2022 12:00:00 AM,India,41092522.0,494091,1.202
2/12/2022 12:00:00 AM,India,42631421.0,508665,1.193
2/13/2022 12:00:00 AM,India,42665534.0,509011,1.193
2/14/2022 12:00:00 AM,India,42692943.0,509358,1.193
2/15/2022 12:00:00 AM,India,42723558.0,509872,1.193
3/1/2022 12:00:00 AM,India,42938599.0,514246,1.198
3/2/2022 12:00:00 AM,India,42945160.0,514388,1.198
3/3/2022 12:00:00 AM,India,42951556.0,514589,1.198
3/4/2022 12:00:00 AM,India,42957477.0,514878,1.199
3/17/2022 12:00:00 AM,India,43004005.0,516281,1.201
3/18/2022 12:00:00 AM,India,43006080.0,516352,1.201
3/19/2022 12:00:00 AM,India,43007841.0,516479,1.201
3/20/2022 12:00:00 AM,India,43009390.0,516510,1.201
4/3/2022 12:00:00 AM,India,43029044.0,521358,1.212
4/4/2022 12:00:00 AM,India,43029839.0,521416,1.212
4/5/2022 12:00:00 AM,India,43030925.0,521487,1.212
4/6/2022 12:00:00 AM,India,43031958.0,521530,1.212
4/20/2022 12:00:00 AM,India,43049974.0,522062,1.213
4/21/2022 12:00:00 AM,India,43052425.0,522116,1.213
4/22/2022 12:00:00 AM,India,43054952.0,522149,1.213
4/23/2022 12:00:00 AM,India,43057545.0,522193,1.213
5/6/2022 12:00:00 AM,India,43098743.0,524024,1.216
5/7/2022 12:00:00 AM,India,43102194.0,524064,1.216
5/8/2022 12:00:00 AM,India,43105401.0,524093,1.216
5/9/2022 12:00:00 AM,India,43107689.0,524103,1.216
5/10/2022 12:00:00 AM,India,43110586.0,524157,1.216
5/23/2022 12:00:00 AM,India,43140068.0,524490,1.216
5/24/2022 12:00:00 AM,India,43142192.0,524507,1.216
5/25/2022 12:00:00 AM,India,43144820.0,524525,1.216
5/26/2022 12:00:00 AM,India,43147530.0,524539,1.216
6/9/2022 12:00:00 AM,India,43205106.0,524747,1.215
6/10/2022 12:00:00 AM,India,43213435.0,524757,1.214
6/11/2022 12:00:00 AM,India,43222017.0,524761,1.214
6/12/2022 12:00:00 AM,India,43230101.0,524771,1.214
6/26/2022 12:00:00 AM,India,43407046.0,525020,1.21
6/27/2022 12:00:00 AM,India,43418839.0,525047,1.209
6/28/2022 12:00:00 AM,India,43433345.0,525077,1.209
6/29/2022 12:00:00 AM,India,43452164.0,525116,1.208
7/12/2022 12:00:00 AM,India,43669850.0,525519,1.203
7/13/2022 12:00:00 AM,India,43689989.0,525557,1.203
7/14/2022 12:00:00 AM,India,43710027.0,525604,1.202
7/15/2022 12:00:00 AM,India,43730071.0,525660,1.202
7/29/2022 12:00:00 AM,India,44000138.0,526312,1.196
7/30/2022 12:00:00 AM,India,44019811.0,526357,1.196
7/31/2022 12:00:00 AM,India,44036275.0,526396,1.195
8/1/2022 12:00:00 AM,India,44050009.0,526430,1.195
8/15/2022 12:00:00 AM,India,44277711.0,527098,1.19
8/16/2022 12:00:00 AM,India,44286256.0,527134,1.19
8/17/2022 12:00:00 AM,India,44298864.0,527206,1.19
8/18/2022 12:00:00 AM,India,44314618.0,527253,1.19
8/31/2022 12:00:00 AM,India,44436339.0,527911,1.188
9/1/2022 12:00:00 AM,India,44442507.0,527932,1.188
9/2/2022 12:00:00 AM,India,44449726.0,527965,1.188
9/3/2022 12:00:00 AM,India,44456535.0,527991,1.188
9/4/2022 12:00:00 AM,India,44462445.0,528007,1.188
9/17/2022 12:00:00 AM,India,44534188.0,528337,1.186
9/18/2022 12:00:00 AM,India,44539046.0,528355,1.186
9/19/2022 12:00:00 AM,India,44543089.0,528370,1.186
9/20/2022 12:00:00 AM,India,44545011.0,528403,1.186
10/4/2022 12:00:00 AM,India,44601892.0,528733,1.185
10/5/2022 12:00:00 AM,India,44604463.0,528745,1.185
10/6/2022 12:00:00 AM,India,44606460.0,528754,1.185
10/7/2022 12:00:00 AM,India,44609257.0,528778,1.185
10/21/2022 12:00:00 AM,India,44640748.0,528957,1.185
10/22/2022 12:00:00 AM,India,44642742.0,528961,1.185
10/23/2022 12:00:00 AM,India,44644076.0,528977,1.185
10/24/2022 12:00:00 AM,India,44644938.0,528980,1.185
11/6/2022 12:00:00 AM,India,44661504.0,530509,1.188
11/7/2022 12:00:00 AM,India,44660293.0,530509,1.188
11/8/2022 12:00:00 AM,India,44660293.0,530509,1.188
11/9/2022 12:00:00 AM,India,44660293.0,530509,1.188
11/23/2022 12:00:00 AM,India,44671708.0,530601,1.188
11/24/2022 12:00:00 AM,India,44672048.0,530604,1.188
11/25/2022 12:00:00 AM,India,44672442.0,530608,1.188
11/26/2022 12:00:00 AM,India,44672787.0,530612,1.188
12/10/2022 12:00:00 AM,India,44676045.0,530658,1.188
12/11/2022 12:00:00 AM,India,44676045.0,530658,1.188
12/12/2022 12:00:00 AM,India,44676318.0,530658,1.188
12/13/2022 12:00:00 AM,India,44676470.0,530658,1.188
12/26/2022 12:00:00 AM,India,44678683.0,530696,1.188
12/27/2022 12:00:00 AM,India,44678871.0,530696,1.188
12/28/2022 12:00:00 AM,India,44679139.0,530698,1.188
12/29/2022 12:00:00 AM,India,44679382.0,530699,1.188
12/30/2022 12:00:00 AM,India,44679608.0,530702,1.188
1/12/2023 12:00:00 AM,India,44681981.0,530725,1.188
1/13/2023 12:00:00 AM,India,44682160.0,530726,1.188
1/14/2023 12:00:00 AM,India,44682264.0,530726,1.188
1/15/2023 12:00:00 AM,India,44682378.0,530726,1.188
12/15/2021 12:00:00 AM,India,34718602.0,476478,1.372
12/16/2021 12:00:00 AM,India,34726049.0,476869,1.373
12/17/2021 12:00:00 AM,India,34726049.0,476869,1.373
12/18/2021 12:00:00 AM,India,34733194.0,477158,1.374
12/19/2021 12:00:00 AM,India,34746838.0,477554,1.374
1/1/2022 12:00:00 AM,India,34889132.0,481770,1.381
1/2/2022 12:00:00 AM,India,34922882.0,481893,1.38
1/3/2022 12:00:00 AM,India,34960261.0,482017,1.379
1/4/2022 12:00:00 AM,India,35018358.0,482551,1.378
1/18/2022 12:00:00 AM,India,37901241.0,487202,1.285
1/19/2022 12:00:00 AM,India,38218773.0,487693,1.276
1/20/2022 12:00:00 AM,India,38566027.0,488396,1.266
1/21/2022 12:00:00 AM,India,38903731.0,488884,1.257
2/4/2022 12:00:00 AM,India,42080664.0,501114,1.191
2/5/2022 12:00:00 AM,India,42188138.0,501979,1.19
2/6/2022 12:00:00 AM,India,42272014.0,502874,1.19
2/7/2022 12:00:00 AM,India,42339611.0,504062,1.191
2/20/2022 12:00:00 AM,India,42838524.0,512109,1.195
2/21/2022 12:00:00 AM,India,42851929.0,512344,1.196
2/22/2022 12:00:00 AM,India,42867031.0,512622,1.196
2/23/2022 12:00:00 AM,India,42881179.0,512924,1.196
3/9/2022 12:00:00 AM,India,42980067.0,515459,1.199
3/10/2022 12:00:00 AM,India,42984261.0,515714,1.2
3/11/2022 12:00:00 AM,India,42987875.0,515803,1.2
3/12/2022 12:00:00 AM,India,42990991.0,515850,1.2
3/26/2022 12:00:00 AM,India,43019453.0,521004,1.211
3/27/2022 12:00:00 AM,India,43020723.0,521035,1.211
3/28/2022 12:00:00 AM,India,43021982.0,521070,1.211
3/29/2022 12:00:00 AM,India,43023215.0,521101,1.211
4/11/2022 12:00:00 AM,India,43036928.0,521710,1.212
4/12/2022 12:00:00 AM,India,43038016.0,521736,1.212
4/13/2022 12:00:00 AM,India,43039023.0,521737,1.212
4/14/2022 12:00:00 AM,India,43039972.0,521743,1.212
4/15/2022 12:00:00 AM,India,43040947.0,521747,1.212
4/28/2022 12:00:00 AM,India,43072176.0,523753,1.216
4/29/2022 12:00:00 AM,India,43075864.0,523803,1.216
4/30/2022 12:00:00 AM,India,43079188.0,523843,1.216
5/1/2022 12:00:00 AM,India,43082345.0,523869,1.216
5/15/2022 12:00:00 AM,India,43123801.0,524241,1.216
5/16/2022 12:00:00 AM,India,43125370.0,524260,1.216
5/17/2022 12:00:00 AM,India,43127199.0,524293,1.216
5/18/2022 12:00:00 AM,India,43129563.0,524303,1.216
6/1/2022 12:00:00 AM,India,43164544.0,524641,1.215
6/2/2022 12:00:00 AM,India,43168585.0,524651,1.215
6/3/2022 12:00:00 AM,India,43172547.0,524677,1.215
6/4/2022 12:00:00 AM,India,43176817.0,524692,1.215
6/17/2022 12:00:00 AM,India,43283793.0,524840,1.213
6/18/2022 12:00:00 AM,India,43296692.0,524855,1.212
6/19/2022 12:00:00 AM,India,43309473.0,524873,1.212
6/20/2022 12:00:00 AM,India,43319396.0,524890,1.212
7/4/2022 12:00:00 AM,India,43531650.0,525242,1.207
7/5/2022 12:00:00 AM,India,43547809.0,525270,1.206
7/6/2022 12:00:00 AM,India,43566739.0,525305,1.206
7/7/2022 12:00:00 AM,India,43585554.0,525343,1.205
7/21/2022 12:00:00 AM,India,43847065.0,525930,1.199
7/22/2022 12:00:00 AM,India,43868476.0,525997,1.199
7/23/2022 12:00:00 AM,India,43888755.0,526033,1.199
7/24/2022 12:00:00 AM,India,43905621.0,526074,1.198
8/6/2022 12:00:00 AM,India,44145709.0,526689,1.193
8/7/2022 12:00:00 AM,India,44145709.0,526689,1.193
8/8/2022 12:00:00 AM,India,44174650.0,526772,1.192
8/9/2022 12:00:00 AM,India,44190697.0,526826,1.192
8/10/2022 12:00:00 AM,India,44206996.0,526879,1.192
8/23/2022 12:00:00 AM,India,44368195.0,527452,1.189
8/24/2022 12:00:00 AM,India,44378920.0,527488,1.189
8/25/2022 12:00:00 AM,India,44389176.0,527556,1.188
8/26/2022 12:00:00 AM,India,44398696.0,527597,1.188
9/9/2022 12:00:00 AM,India,44490283.0,528139,1.187
9/10/2022 12:00:00 AM,India,44495359.0,528150,1.187
9/11/2022 12:00:00 AM,India,44500580.0,528165,1.187
9/12/2022 12:00:00 AM,India,44502363.0,528185,1.187
9/26/2022 12:00:00 AM,India,44575473.0,528562,1.186
9/27/2022 12:00:00 AM,India,44579088.0,528584,1.186
9/28/2022 12:00:00 AM,India,44583360.0,528611,1.186
9/29/2022 12:00:00 AM,India,44587307.0,528629,1.186
10/12/2022 12:00:00 AM,India,44621319.0,528847,1.185
10/13/2022 12:00:00 AM,India,44623997.0,528857,1.185
10/14/2022 12:00:00 AM,India,44626427.0,528874,1.185
10/15/2022 12:00:00 AM,India,44628828.0,528895,1.185
10/29/2022 12:00:00 AM,India,44652256.0,529016,1.185
10/30/2022 12:00:00 AM,India,44653592.0,529024,1.185
10/31/2022 12:00:00 AM,India,44654638.0,529077,1.185
11/1/2022 12:00:00 AM,India,44655828.0,530452,1.188
11/15/2022 12:00:00 AM,India,44667900.0,530535,1.188
11/16/2022 12:00:00 AM,India,44668535.0,530546,1.188
11/17/2022 12:00:00 AM,India,44667967.0,530553,1.188
11/18/2022 12:00:00 AM,India,44669748.0,530570,1.188
12/1/2022 12:00:00 AM,India,44674138.0,530624,1.188
12/2/2022 12:00:00 AM,India,44674390.0,530627,1.188
12/3/2022 12:00:00 AM,India,44674616.0,530628,1.188
12/4/2022 12:00:00 AM,India,44674842.0,530630,1.188
12/5/2022 12:00:00 AM,India,44675006.0,530633,1.188
12/18/2022 12:00:00 AM,India,44677310.0,530674,1.188
12/19/2022 12:00:00 AM,India,44677422.0,530677,1.188
12/20/2022 12:00:00 AM,India,44677554.0,530680,1.188
12/21/2022 12:00:00 AM,India,44677739.0,530681,1.188
1/4/2023 12:00:00 AM,India,44680543.0,530710,1.188
1/5/2023 12:00:00 AM,India,44680771.0,530714,1.188
1/6/2023 12:00:00 AM,India,44680985.0,530718,1.188
1/7/2023 12:00:00 AM,India,44681148.0,530720,1.188
1/21/2023 12:00:00 AM,India,44683145.0,530733,1.188
1/22/2023 12:00:00 AM,India,44683239.0,530735,1.188
1/23/2023 12:00:00 AM,India,44683328.0,530737,1.188
1/24/2023 12:00:00 AM,India,44683430.0,530737,1.188
12/13/2021 12:00:00 AM,India,34703644.0,475888,1.371
12/20/2021 12:00:00 AM,India,34752164.0,478007,1.375
12/22/2021 12:00:00 AM,India,34765976.0,478759,1.377
12/29/2021 12:00:00 AM,India,34822040.0,480860,1.381
12/31/2021 12:00:00 AM,India,34861579.0,481486,1.381
1/5/2022 12:00:00 AM,India,35109286.0,482876,1.375
1/7/2022 12:00:00 AM,India,35368372.0,483463,1.367
1/14/2022 12:00:00 AM,India,36850962.0,485752,1.318
1/16/2022 12:00:00 AM,India,37380253.0,486451,1.301
1/23/2022 12:00:00 AM,India,39543328.0,489848,1.239
1/25/2022 12:00:00 AM,India,40085116.0,491127,1.225
1/30/2022 12:00:00 AM,India,41302440.0,495050,1.199
2/1/2022 12:00:00 AM,India,41630885.0,497975,1.196
2/3/2022 12:00:00 AM,India,41952712.0,500055,1.192
2/8/2022 12:00:00 AM,India,42410976.0,505279,1.191
2/10/2022 12:00:00 AM,India,42536137.0,507177,1.192
2/17/2022 12:00:00 AM,India,42780235.0,510905,1.194
2/19/2022 12:00:00 AM,India,42822473.0,511903,1.195
2/24/2022 12:00:00 AM,India,42894345.0,513226,1.196
2/26/2022 12:00:00 AM,India,42916117.0,513724,1.197
2/28/2022 12:00:00 AM,India,42931045.0,514023,1.197
3/5/2022 12:00:00 AM,India,42962953.0,515036,1.199
3/7/2022 12:00:00 AM,India,42971308.0,515210,1.199
3/14/2022 12:00:00 AM,India,42996062.0,515974,1.2
3/16/2022 12:00:00 AM,India,43001477.0,516132,1.2
3/21/2022 12:00:00 AM,India,43010971.0,516543,1.201
3/23/2022 12:00:00 AM,India,43014687.0,516672,1.201
3/25/2022 12:00:00 AM,India,43018032.0,520855,1.211
3/30/2022 12:00:00 AM,India,43024440.0,521129,1.211
4/1/2022 12:00:00 AM,India,43027035.0,521264,1.211
4/8/2022 12:00:00 AM,India,43034217.0,521656,1.212
4/10/2022 12:00:00 AM,India,43036132.0,521691,1.212
4/17/2022 12:00:00 AM,India,43044280.0,521965,1.213
4/19/2022 12:00:00 AM,India,43047594.0,522006,1.213
4/24/2022 12:00:00 AM,India,43060086.0,522223,1.213
4/26/2022 12:00:00 AM,India,43065496.0,523654,1.216
5/3/2022 12:00:00 AM,India,43088118.0,523920,1.216
5/5/2022 12:00:00 AM,India,43094938.0,524002,1.216
5/12/2022 12:00:00 AM,India,43116254.0,524190,1.216
5/14/2022 12:00:00 AM,India,43121599.0,524214,1.216
5/19/2022 12:00:00 AM,India,43131822.0,524323,1.216
5/21/2022 12:00:00 AM,India,43136371.0,524413,1.216
5/28/2022 12:00:00 AM,India,43153043.0,524586,1.216
5/30/2022 12:00:00 AM,India,43158087.0,524630,1.216
6/6/2022 12:00:00 AM,India,43185049.0,524708,1.215
6/8/2022 12:00:00 AM,India,43197522.0,524723,1.215
6/13/2022 12:00:00 AM,India,43236695.0,524777,1.214
6/15/2022 12:00:00 AM,India,43257730.0,524803,1.213
6/22/2022 12:00:00 AM,India,43344958.0,524941,1.211
6/24/2022 12:00:00 AM,India,43378234.0,524974,1.21
7/1/2022 12:00:00 AM,India,43486326.0,525168,1.208
7/3/2022 12:00:00 AM,India,43518564.0,525223,1.207
7/8/2022 12:00:00 AM,India,43604394.0,525386,1.205
7/10/2022 12:00:00 AM,India,43639329.0,525454,1.204
7/17/2022 12:00:00 AM,India,43767534.0,525760,1.201
7/19/2022 12:00:00 AM,India,43801678.0,525821,1.2
7/26/2022 12:00:00 AM,India,43938764.0,526167,1.198
7/28/2022 12:00:00 AM,India,43979730.0,526258,1.197
8/2/2022 12:00:00 AM,India,44067144.0,526477,1.195
8/4/2022 12:00:00 AM,India,44107588.0,526600,1.194
8/11/2022 12:00:00 AM,India,44223557.0,526928,1.192
8/13/2022 12:00:00 AM,India,44253464.0,527037,1.191
8/20/2022 12:00:00 AM,India,44339429.0,527332,1.189
8/22/2022 12:00:00 AM,India,44357546.0,527416,1.189
8/27/2022 12:00:00 AM,India,44408132.0,527754,1.188
8/29/2022 12:00:00 AM,India,44415723.0,527799,1.188
9/5/2022 12:00:00 AM,India,44466862.0,528030,1.187
9/7/2022 12:00:00 AM,India,44478636.0,528090,1.187
9/14/2022 12:00:00 AM,India,44516479.0,528250,1.187
9/16/2022 12:00:00 AM,India,44528524.0,528302,1.186
9/21/2022 12:00:00 AM,India,44553042.0,528429,1.186
9/23/2022 12:00:00 AM,India,44563337.0,528487,1.186
9/25/2022 12:00:00 AM,India,44572243.0,528530,1.186
9/30/2022 12:00:00 AM,India,44591112.0,528655,1.186
10/2/2022 12:00:00 AM,India,44597498.0,528701,1.185
10/9/2022 12:00:00 AM,India,44614437.0,528814,1.185
10/11/2022 12:00:00 AM,India,44616235.0,528835,1.185
10/16/2022 12:00:00 AM,India,44630888.0,528905,1.185
10/18/2022 12:00:00 AM,India,44634376.0,528923,1.185
10/20/2022 12:00:00 AM,India,44638636.0,528953,1.185
10/25/2022 12:00:00 AM,India,44645768.0,528981,1.185
10/27/2022 12:00:00 AM,India,44649088.0,528999,1.185
11/3/2022 12:00:00 AM,India,44658365.0,530479,1.188
11/5/2022 12:00:00 AM,India,44660579.0,530500,1.188
11/10/2022 12:00:00 AM,India,44664810.0,530520,1.188
11/12/2022 12:00:00 AM,India,44666372.0,530531,1.188
11/14/2022 12:00:00 AM,India,44667390.0,530533,1.188
11/19/2022 12:00:00 AM,India,44670240.0,530574,1.188
11/21/2022 12:00:00 AM,India,44670940.0,530591,1.188
11/28/2022 12:00:00 AM,India,44673293.0,530615,1.188
11/30/2022 12:00:00 AM,India,44673863.0,530622,1.188
12/7/2022 12:00:00 AM,India,44675413.0,530647,1.188
12/9/2022 12:00:00 AM,India,44675872.0,530654,1.188
12/14/2022 12:00:00 AM,India,44676670.0,530663,1.188
12/16/2022 12:00:00 AM,India,44676999.0,530667,1.188
12/23/2022 12:00:00 AM,India,44678103.0,530691,1.188
12/25/2022 12:00:00 AM,India,44678517.0,530695,1.188
1/1/2023 12:00:00 AM,India,44680046.0,530707,1.188
1/3/2023 12:00:00 AM,India,44680355.0,530707,1.188
1/8/2023 12:00:00 AM,India,44681318.0,530721,1.188
1/10/2023 12:00:00 AM,India,44681610.0,530722,1.188
1/17/2023 12:00:00 AM,India,44682595.0,530728,1.188
1/19/2023 12:00:00 AM,India,44682874.0,530728,1.188
1/26/2023 12:00:00 AM,India,44683661.0,530739,1.188
